-- MySQL dump 10.13  Distrib 8.0.32, for Linux (x86_64)
--
-- Host: main.cue7elc3bjnz.ap-south-1.rds.amazonaws.com    Database: Env
-- ------------------------------------------------------
-- Server version	8.0.28

/*!40101 SET @OLD_CHARACTER_SET_CLIENT=@@CHARACTER_SET_CLIENT */;
/*!40101 SET @OLD_CHARACTER_SET_RESULTS=@@CHARACTER_SET_RESULTS */;
/*!40101 SET @OLD_COLLATION_CONNECTION=@@COLLATION_CONNECTION */;
/*!50503 SET NAMES utf8 */;
/*!40103 SET @OLD_TIME_ZONE=@@TIME_ZONE */;
/*!40103 SET TIME_ZONE='+00:00' */;
/*!40014 SET @OLD_UNIQUE_CHECKS=@@UNIQUE_CHECKS, UNIQUE_CHECKS=0 */;
/*!40014 SET @OLD_FOREIGN_KEY_CHECKS=@@FOREIGN_KEY_CHECKS, FOREIGN_KEY_CHECKS=0 */;
/*!40101 SET @OLD_SQL_MODE=@@SQL_MODE, SQL_MODE='NO_AUTO_VALUE_ON_ZERO' */;
/*!40111 SET @OLD_SQL_NOTES=@@SQL_NOTES, SQL_NOTES=0 */;
SET @MYSQLDUMP_TEMP_LOG_BIN = @@SESSION.SQL_LOG_BIN;
SET @@SESSION.SQL_LOG_BIN= 0;

--
-- GTID state at the beginning of the backup 
--

SET @@GLOBAL.GTID_PURGED=/*!80000 '+'*/ '';

--
-- Table structure for table `Users`
--

DROP TABLE IF EXISTS `Users`;
/*!40101 SET @saved_cs_client     = @@character_set_client */;
/*!50503 SET character_set_client = utf8mb4 */;
CREATE TABLE `Users` (
  `id` int NOT NULL AUTO_INCREMENT,
  `name` varchar(255) DEFAULT NULL,
  `email` varchar(255) DEFAULT NULL,
  `mobileno` varchar(15) DEFAULT NULL,
  `photo` varchar(500) DEFAULT 'NA',
  `usertype` int DEFAULT '0',
  `userpassword` varchar(255) DEFAULT NULL,
  `userstatus` int DEFAULT '1',
  `create_at` timestamp NULL DEFAULT CURRENT_TIMESTAMP,
  PRIMARY KEY (`id`),
  UNIQUE KEY `email_UNIQUE` (`email`)
) ENGINE=InnoDB AUTO_INCREMENT=5 DEFAULT CHARSET=utf8mb4 COLLATE=utf8mb4_0900_ai_ci;
/*!40101 SET character_set_client = @saved_cs_client */;

--
-- Dumping data for table `Users`
--

LOCK TABLES `Users` WRITE;
/*!40000 ALTER TABLE `Users` DISABLE KEYS */;
INSERT INTO `Users` VALUES (1,'Prem','prem@shunyaekai.tech','8929393887','NA',0,'$2a$10$CG3oXG9bXB3KqHTw7O0wSeTVnOs7.cvmPDTqUB/JBfINRd5G/EQOe',1,'2022-12-08 07:00:46'),(2,'Sukarn','sukarn@shunyaekai.tech','8929393886','NA',0,'$2a$10$lmzyvF5vBbERjrE8C4YXTuGby.l6yX1OZzF7YRp6X4J0mYVRi3oeG',1,'2022-12-08 07:19:30'),(3,'Rohit','rohit@shunyaekai.tech','7014634880','NA',0,'$2a$10$fuRkhTrgRqiRgNV/fTfdtuOOTARAAS57JSOy1ps38ARCl/dXkh9JC',1,'2023-01-04 10:51:59'),(4,'Shorya','shorya@shunyaekai.tech','7014634881','NA',0,'$2a$10$ZbM5wC719BIEh45rgTG6JeKgTStRRnik/VBHbPa/vbdr369NgQ5uW',1,'2023-01-05 05:33:03');
/*!40000 ALTER TABLE `Users` ENABLE KEYS */;
UNLOCK TABLES;

--
-- Table structure for table `area`
--

DROP TABLE IF EXISTS `area`;
/*!40101 SET @saved_cs_client     = @@character_set_client */;
/*!50503 SET character_set_client = utf8mb4 */;
CREATE TABLE `area` (
  `id` int NOT NULL AUTO_INCREMENT,
  `user_id` varchar(45) NOT NULL,
  `AreaName` varchar(255) NOT NULL,
  `AreaNumber` varchar(255) NOT NULL,
  `shapetype` varchar(255) NOT NULL,
  `lat` varchar(255) NOT NULL,
  `lng` varchar(255) NOT NULL,
  `status` tinyint(1) NOT NULL DEFAULT '1',
  `created_at` timestamp NOT NULL DEFAULT CURRENT_TIMESTAMP,
  `updated_at` timestamp NULL DEFAULT CURRENT_TIMESTAMP,
  `redius` varchar(150) DEFAULT NULL,
  PRIMARY KEY (`id`)
) ENGINE=InnoDB AUTO_INCREMENT=100 DEFAULT CHARSET=utf8mb4 COLLATE=utf8mb4_0900_ai_ci;
/*!40101 SET character_set_client = @saved_cs_client */;

--
-- Dumping data for table `area`
--

LOCK TABLES `area` WRITE;
/*!40000 ALTER TABLE `area` DISABLE KEYS */;
INSERT INTO `area` VALUES (71,'1','Delhi','552356194','circle','28.670847568616374','77.17054785156252',1,'2022-12-16 04:23:30','2022-12-16 04:23:30','12144.546940015456'),(72,'1','Agra','867539400','circle','27.18577242748145','77.96156347656252',1,'2022-12-16 04:25:26','2022-12-16 04:25:26','13235.89094419321'),(73,'1','Aligarh','868119192','polygon','28.036252228527463','77.98654543246191',1,'2022-12-16 04:26:05','2022-12-16 04:26:05','0'),(74,'1','Aligarh','868119192','polygon','28.036252228527463','78.38205324496191',1,'2022-12-16 04:26:05','2022-12-16 04:26:05','0'),(75,'1','Aligarh','868119192','polygon','27.900407458139235','78.16232668246191',1,'2022-12-16 04:26:05','2022-12-16 04:26:05','0'),(76,'1','Aligarh','868119192','polygon','27.919824320802434','78.06344972933691',1,'2022-12-16 04:26:05','2022-12-16 04:26:05','0'),(77,'1','Gurugram','840699384','circle','28.464077105716928','77.00712622070314',1,'2022-12-19 07:54:48','2022-12-19 07:54:48','13880.096180133158'),(78,'1','Muradabad','901681269','circle','28.998069921363463','78.66468847656252',1,'2022-12-19 07:58:01','2022-12-19 07:58:01','27765.183220727777'),(79,'1','Jaipur','463821383','circle','27.21508657440822','75.57203710937502',1,'2022-12-19 13:34:30','2022-12-19 13:34:30','61926.992308812376'),(80,'1','Farrukhabad','844697554','polygon','28.699761473433266','79.17005957031252',1,'2022-12-26 04:37:55','2022-12-26 04:37:55','0'),(81,'1','Farrukhabad','844697554','polygon','28.216824415500625','80.63124121093752',1,'2022-12-26 04:37:55','2022-12-26 04:37:55','0'),(82,'1','Farrukhabad','844697554','polygon','27.48831269137619','79.48866308593752',1,'2022-12-26 04:37:55','2022-12-26 04:37:55','0'),(83,'1','Farrukhabad','844697554','polygon','27.97453156107905','78.18129003906252',1,'2022-12-26 04:37:55','2022-12-26 04:37:55','0'),(84,'1','Farrukhabad','844697554','polygon','28.274893194659494','78.55482519531252',1,'2022-12-26 04:37:55','2022-12-26 04:37:55','0'),(85,'1','Farrukhabad','844697554','polygon','27.906591685519786','79.41175878906252',1,'2022-12-26 04:37:55','2022-12-26 04:37:55','0'),(86,'1','Farrukhabad','844697554','polygon','28.236184187953224','79.86219824218752',1,'2022-12-26 04:37:55','2022-12-26 04:37:55','0'),(87,'1','Farrukhabad','844697554','polygon','28.487541048658017','78.91737402343752',1,'2022-12-26 04:37:55','2022-12-26 04:37:55','0'),(88,'1','Haryana Gurgaon','931481908','circle','29.353889103834057','75.49513281250002',1,'2022-12-27 05:14:23','2022-12-27 05:14:23','125002.03975165976'),(89,'1','sirsa','253978986','circle','29.659852170135515','75.00074804687502',1,'2022-12-27 05:19:34','2022-12-27 05:19:34','27116.844715838015'),(90,'1','Punjab','434583875','circle','30.458576961895844','74.63819921875002',1,'2022-12-27 05:19:37','2022-12-27 05:19:37','112871.90982655257'),(91,'1','sikar','758957688','circle','27.78121566567444','75.13258398437502',1,'2022-12-27 05:22:41','2022-12-27 05:22:41','23169.73535041234'),(92,'1','Delhi','399080175','circle','28.691027906307717','77.21998632812502',1,'2022-12-27 05:55:10','2022-12-27 05:55:10','40218.621490561534'),(93,'1','New Delhiiii','332523282','circle','28.998970764797935','76.69264257812502',1,'2022-12-27 08:56:07','2022-12-27 08:56:07','93127.18507409784'),(94,'1','new Delhi','646785749','circle','28.169317607730363','76.92335546875002',1,'2022-12-27 12:25:01','2022-12-27 12:25:01','37059.27173459816'),(95,'1','kota','578814641','circle','25.309729795598784','75.86866095652178',1,'2023-01-03 16:07:02','2023-01-03 16:07:02','20574.560794361005'),(96,'1','Gwalior','896706303','circle','26.313562505604718','78.11537207031252',1,'2023-01-04 10:38:32','2023-01-04 10:38:32','47102.0375409565'),(97,'3','Nepal','739433368','circle','28.217731983270244','83.93263281250002',1,'2023-01-05 05:29:44','2023-01-05 05:29:44','40244.51750005286'),(98,'4','gurgaon','586003762','circle','28.379760126905236','77.0541614379883',1,'2023-01-05 05:54:49','2023-01-05 05:54:49','5017.682401467545'),(99,'4','Dubai Barsha Heights','441968377','circle','25.098564204435355','55.17392138798444',1,'2023-01-19 04:31:07','2023-01-19 04:31:07','1270.6796576522206');
/*!40000 ALTER TABLE `area` ENABLE KEYS */;
UNLOCK TABLES;

--
-- Table structure for table `comment_device`
--

DROP TABLE IF EXISTS `comment_device`;
/*!40101 SET @saved_cs_client     = @@character_set_client */;
/*!50503 SET character_set_client = utf8mb4 */;
CREATE TABLE `comment_device` (
  `id` int NOT NULL AUTO_INCREMENT,
  `device_id` varchar(45) NOT NULL,
  `user_id` varchar(45) NOT NULL,
  `status` int DEFAULT NULL,
  `comment_text` varchar(500) DEFAULT NULL,
  `datetime` timestamp NULL DEFAULT CURRENT_TIMESTAMP,
  PRIMARY KEY (`id`)
) ENGINE=InnoDB AUTO_INCREMENT=36 DEFAULT CHARSET=utf8mb4 COLLATE=utf8mb4_0900_ai_ci;
/*!40101 SET character_set_client = @saved_cs_client */;

--
-- Dumping data for table `comment_device`
--

LOCK TABLES `comment_device` WRITE;
/*!40000 ALTER TABLE `comment_device` DISABLE KEYS */;
INSERT INTO `comment_device` VALUES (1,'undefined','undefined',1,'undefined','2023-01-02 13:38:27'),(2,'undefined','undefined',1,'undefined','2023-01-02 13:41:37'),(3,'1001','1',1,'Hello This is testing','2023-01-02 14:00:43'),(4,'1001','1',1,'This is testing','2023-01-02 14:02:39'),(6,'1001','1',1,'hello','2023-01-02 14:27:34'),(7,'1001','1',1,'hello','2023-01-02 14:30:05'),(8,'1007','1',1,'Hello','2023-01-02 14:30:36'),(9,'1001','1',1,'hhh','2023-01-03 12:46:45'),(10,'1001','1',1,'bye','2023-01-03 16:33:41'),(11,'1009','1',1,'hello bye','2023-01-03 16:33:55'),(12,'1001','1',1,' NBNMBMBNM','2023-01-04 05:30:33'),(13,'1010','4',1,'Hello','2023-01-05 09:40:57'),(14,'LR12345','4',1,'Forwarded the issue','2023-01-23 06:28:39'),(15,'1001','1',1,'ggfgdfgdfgdfg','2023-01-23 11:00:09'),(16,'LR12345','4',1,'Fire alert','2023-01-23 11:01:40'),(17,'LR12345','4',1,'sdjhgshdhv','2023-01-23 11:02:51'),(18,'1001','1',1,'dgdfhiuyi','2023-01-23 11:17:34'),(19,'LR12345','4',1,'firwe','2023-01-23 11:17:44'),(20,'LR12345','4',1,'fire','2023-01-23 11:27:01'),(21,'LR12345','4',1,'fire','2023-01-23 11:29:35'),(22,'LR12345','4',1,'fireAl','2023-01-23 11:32:34'),(23,'LR12345','4',1,'team deployed','2023-02-24 06:48:47'),(24,'1010','1',1,'hello this active alert is not working please resolve my problem.','2023-03-16 06:33:14'),(25,'1007','1',1,'please clear all the content.','2023-03-16 06:34:28'),(26,'1010','1',1,'all the content are clear ','2023-03-16 06:34:54'),(27,'1010','1',1,'hello hows you ','2023-03-16 06:35:24'),(28,'1010','1',1,'all the content are incorrect.','2023-03-16 06:35:36'),(29,'1010','1',1,'please check panel','2023-03-16 06:35:45'),(30,'1010','1',1,'Fire Alert','2023-03-24 05:07:28'),(31,'1010','1',1,'Moisture alert','2023-03-30 05:21:44'),(32,'1010','1',1,'Testing alert','2023-04-04 05:20:27'),(33,'1010','1',1,'This is testing.','2023-04-21 04:47:54'),(34,'1010','1',1,'Here is new comment','2023-04-24 06:41:43'),(35,'1010','1',1,'Here is new comment for testing purpose ','2023-04-24 06:42:31');
/*!40000 ALTER TABLE `comment_device` ENABLE KEYS */;
UNLOCK TABLES;

--
-- Table structure for table `devicetable`
--

DROP TABLE IF EXISTS `devicetable`;
/*!40101 SET @saved_cs_client     = @@character_set_client */;
/*!50503 SET character_set_client = utf8mb4 */;
CREATE TABLE `devicetable` (
  `id` int NOT NULL AUTO_INCREMENT,
  `devicename` varchar(100) DEFAULT NULL,
  `deviceid` varchar(100) DEFAULT NULL,
  `userid` varchar(100) DEFAULT NULL,
  `latitude` varchar(45) DEFAULT NULL,
  `longitude` varchar(45) DEFAULT NULL,
  `areaid` varchar(45) DEFAULT NULL,
  `temperature` varchar(45) DEFAULT '0',
  `humidity` varchar(45) DEFAULT '0',
  `moisture` varchar(45) DEFAULT '0',
  `fire` varchar(45) DEFAULT '0',
  `alerttemp` varchar(45) DEFAULT '0',
  `alerthumi` varchar(45) DEFAULT '0',
  `alertmoisture` varchar(45) DEFAULT '0',
  `alerttypetemp` int DEFAULT '0',
  `alerttypehumi` int DEFAULT '0',
  `alerttypemoisture` int DEFAULT '0',
  `devicestatus` int DEFAULT '0',
  `createdat` timestamp NULL DEFAULT CURRENT_TIMESTAMP,
  `update_at` timestamp NULL DEFAULT CURRENT_TIMESTAMP ON UPDATE CURRENT_TIMESTAMP,
  `count_temp` int DEFAULT '0',
  `count_humi` int DEFAULT '0',
  `count_moist` int DEFAULT '0',
  `count_fire` int DEFAULT '0',
  `notify_temp` int DEFAULT '0',
  `notify_humi` int DEFAULT '0',
  `notify_moist` int DEFAULT '0',
  `notify_fire` int DEFAULT '0',
  `updt_time` varchar(45) DEFAULT NULL,
  `maxtemprange` varchar(8) DEFAULT '0',
  `mintemprange` varchar(8) DEFAULT '0',
  `maxhumirange` varchar(8) DEFAULT '0',
  `minhumirange` varchar(8) DEFAULT '0',
  `maxmoistrange` varchar(8) DEFAULT '0',
  `minmoistrange` varchar(8) DEFAULT '0',
  `devicetablecol` varchar(8) DEFAULT NULL,
  PRIMARY KEY (`id`),
  UNIQUE KEY `deviceid_UNIQUE` (`deviceid`)
) ENGINE=InnoDB AUTO_INCREMENT=23 DEFAULT CHARSET=utf8mb4 COLLATE=utf8mb4_0900_ai_ci;
/*!40101 SET character_set_client = @saved_cs_client */;

--
-- Dumping data for table `devicetable`
--

LOCK TABLES `devicetable` WRITE;
/*!40000 ALTER TABLE `devicetable` DISABLE KEYS */;
INSERT INTO `devicetable` VALUES (9,'DT1006','1010','1','27.78121566567444','75.13258398437502','758957688','25','30','30','0','39','34','46',2,1,0,1,'2022-12-26 11:50:18','2023-05-11 17:23:57',0,0,1,0,0,0,0,0,'2023-05-11 07:54:27','30','15','30','10','40','10',NULL),(10,'DT1007','1007','1','28.998069921363463','78.66468847656252','901681269','25.0','59','62','0','30','34','45',2,1,2,1,'2022-12-26 12:19:15','2023-04-21 04:53:27',1,1,1,0,0,0,0,0,'2023-02-01 12:14:41','30','15','30','10','46','20',NULL),(11,'DT1009','1009','1','28.54636658221505','77.38478125000002','552356194','21','35','35','0','30','0','50',1,2,0,1,'2022-12-27 12:23:51','2023-04-21 05:30:39',1,0,0,0,0,0,0,0,'2023-03-21 06:16:49','50','30','30','11','40','20',NULL),(14,'DT2001','2001','3','28.24677007804183','83.59205664062502','739433368','0','0','0','0','30','0','50',1,2,0,1,'2023-01-05 05:33:46','2023-04-04 05:22:22',0,0,0,0,0,0,0,0,'2023-02-01 11:38:26','0','0','30','10','40','20',NULL),(15,'Env','LR12345','4','25.096621026355084','55.176646512343574','441968377','22.60','64.00','0','0','30','0','50',1,2,0,1,'2023-01-05 05:33:46','2023-05-25 22:52:50',0,1,1,0,0,0,0,0,'2023-05-25 13:23:20','0','0','30','10','40','20',NULL),(20,'DVCtest','DVC123','1','28.169317607730363','76.92335546875002','646785749','0','0','0','0','40','0','55',0,0,2,1,'2023-04-13 17:21:25','2023-04-25 09:15:32',0,0,0,0,0,0,0,0,NULL,'0','0','0','0','50','30',NULL),(21,'test','1004','1','28.691027906307717','77.21998632812502','399080175','0','0','0','0','45','0','0',2,2,0,1,'2023-04-18 05:29:23','2023-04-21 04:58:59',0,0,0,0,0,0,0,0,NULL,'40','20','20','10','0','0',NULL),(22,'DT1011','1011','1','26.313562505604718','78.11537207031252','896706303','0','0','0','0','46','0','0',1,2,2,1,'2023-04-21 04:51:48','2023-04-21 04:58:45',0,0,0,0,0,0,0,0,NULL,'0','0','30','20','20','10',NULL);
/*!40000 ALTER TABLE `devicetable` ENABLE KEYS */;
UNLOCK TABLES;

--
-- Table structure for table `history_table`
--

DROP TABLE IF EXISTS `history_table`;
/*!40101 SET @saved_cs_client     = @@character_set_client */;
/*!50503 SET character_set_client = utf8mb4 */;
CREATE TABLE `history_table` (
  `id` int NOT NULL AUTO_INCREMENT,
  `userid` varchar(100) DEFAULT NULL,
  `deviceid` varchar(100) DEFAULT NULL,
  `devicename` varchar(100) DEFAULT NULL,
  `temperature` varchar(45) DEFAULT NULL,
  `humidity` varchar(45) DEFAULT NULL,
  `moisture` varchar(45) DEFAULT NULL,
  `fire` varchar(45) DEFAULT NULL,
  `alertTemp` int DEFAULT '0',
  `alertHumi` int DEFAULT '0',
  `alertMoist` int DEFAULT '0',
  `createdat` timestamp NULL DEFAULT CURRENT_TIMESTAMP,
  `update_at` timestamp NULL DEFAULT CURRENT_TIMESTAMP ON UPDATE CURRENT_TIMESTAMP,
  PRIMARY KEY (`id`)
) ENGINE=InnoDB AUTO_INCREMENT=641 DEFAULT CHARSET=utf8mb4 COLLATE=utf8mb4_0900_ai_ci;
/*!40101 SET character_set_client = @saved_cs_client */;

--
-- Dumping data for table `history_table`
--

LOCK TABLES `history_table` WRITE;
/*!40000 ALTER TABLE `history_table` DISABLE KEYS */;
INSERT INTO `history_table` VALUES (67,'4','1010','EnvOne','50.0','40','10','0',1,0,0,'2023-01-05 06:01:18','2023-01-05 06:01:18'),(68,'4','1010','EnvOne','50.0','40','10','0',0,1,0,'2023-01-05 06:01:18','2023-01-05 06:01:18'),(69,'4','1010','EnvOne','30.0','10','20','0',0,0,0,'2023-01-05 06:01:57','2023-01-05 06:01:57'),(70,'4','1010','EnvOne','30.0','15','30','0',0,1,0,'2023-01-05 06:51:17','2023-01-05 06:51:17'),(71,'4','1010','EnvOne','30.0','6','30','0',0,0,0,'2023-01-05 06:59:47','2023-01-05 06:59:47'),(72,'4','1010','EnvOne','60.0','17','10','0',0,1,0,'2023-01-05 07:01:12','2023-01-05 07:01:12'),(73,'4','1010','EnvOne','20.0','5','40','0',0,0,0,'2023-01-05 07:02:21','2023-01-05 07:02:21'),(74,'4','1010','EnvOne','10.0','5','40','1',0,0,0,'2023-01-05 09:11:38','2023-01-05 09:11:38'),(75,'4','1010','EnvOne','10.0','5','40','0',0,0,0,'2023-01-05 09:12:12','2023-01-05 09:12:12'),(76,'4','1010','EnvOne','60.0','9','50','0',1,0,0,'2023-01-05 09:18:33','2023-01-05 09:18:33'),(77,'4','1010','EnvOne','20','9','50','0',0,0,0,'2023-01-05 09:20:02','2023-01-05 09:20:02'),(78,'4','1010','EnvOne','35','15','50','0',0,1,0,'2023-01-05 09:22:29','2023-01-05 09:22:29'),(79,'4','1010','EnvOne','35','5','50','0',0,0,0,'2023-01-05 09:23:15','2023-01-05 09:23:15'),(80,'4','1010','EnvOne','35','5','10','0',0,0,1,'2023-01-05 09:28:56','2023-01-05 09:28:56'),(81,'4','1010','EnvOne','35','5','30','0',0,0,0,'2023-01-05 09:29:15','2023-01-05 09:29:15'),(82,'4','1010','EnvOne','36','6','40','1',0,0,0,'2023-01-05 09:33:03','2023-01-05 09:33:03'),(83,'4','1010','EnvOne','36','6','40','0',0,0,0,'2023-01-05 09:33:27','2023-01-05 09:33:27'),(84,'4','1010','EnvOne','79','17','2','1',1,0,0,'2023-01-05 09:47:06','2023-01-05 09:47:06'),(85,'4','1010','EnvOne','79','17','2','1',0,1,0,'2023-01-05 09:47:06','2023-01-05 09:47:06'),(86,'4','1010','EnvOne','79','17','2','1',0,0,1,'2023-01-05 09:47:07','2023-01-05 09:47:07'),(87,'4','1010','EnvOne','79','17','2','1',0,0,0,'2023-01-05 09:47:07','2023-01-05 09:47:07'),(88,'4','1010','EnvOne','23','3','22','0',0,0,0,'2023-01-05 09:47:45','2023-01-05 09:47:45'),(89,'4','1010','EnvOne','23','3','22','0',0,0,0,'2023-01-05 09:47:45','2023-01-05 09:47:45'),(90,'4','1010','EnvOne','23','3','22','0',0,0,0,'2023-01-05 09:47:46','2023-01-05 09:47:46'),(91,'4','1010','EnvOne','23','3','22','0',0,0,0,'2023-01-05 09:47:46','2023-01-05 09:47:46'),(92,'4','1010','EnvOne','24.90','61.10','99','1',0,0,0,'2023-01-06 10:05:14','2023-01-06 10:05:14'),(93,'4','1010','EnvOne','23.90','67.10','100','0',0,0,0,'2023-01-09 06:17:35','2023-01-09 06:17:35'),(94,'4','1010','EnvOne','24.00','66.90','100','1',0,0,0,'2023-01-09 06:17:47','2023-01-09 06:17:47'),(95,'4','1010','EnvOne','24.00','66.90','100','1',0,1,0,'2023-01-09 06:19:17','2023-01-09 06:19:17'),(96,'4','1010','EnvOne','24.00','66.90','100','1',0,0,0,'2023-01-09 06:19:17','2023-01-09 06:19:17'),(97,'4','1010','EnvOne','23.80','65.30','100','1',0,1,0,'2023-01-18 11:05:12','2023-01-18 11:05:12'),(98,'4','1010','EnvOne','23.80','65.30','100','1',0,0,0,'2023-01-18 11:05:12','2023-01-18 11:05:12'),(99,'4','1010','EnvOne','23.90','65.10','99','1',0,1,0,'2023-01-18 11:09:25','2023-01-18 11:09:25'),(100,'4','1010','EnvOne','23.90','65.10','99','1',0,0,0,'2023-01-18 11:09:25','2023-01-18 11:09:25'),(101,'4','1010','EnvOne','24.10','64.70','3','1',0,0,1,'2023-01-18 11:12:26','2023-01-18 11:12:26'),(102,'4','1010','EnvOne','24.20','64.30','3','0',0,0,0,'2023-01-18 11:12:29','2023-01-18 11:12:29'),(103,'4','1010','EnvOne','24.10','64.10','2','1',0,1,0,'2023-01-18 11:13:25','2023-01-18 11:13:25'),(104,'4','1010','EnvOne','24.10','64.10','2','1',0,0,0,'2023-01-18 11:13:25','2023-01-18 11:13:25'),(105,'4','1010','EnvOne','24.20','63.90','2','0',0,0,0,'2023-01-18 11:13:28','2023-01-18 11:13:28'),(106,'4','1010','EnvOne','24.20','64.10','2','1',0,0,0,'2023-01-18 11:13:31','2023-01-18 11:13:31'),(107,'4','1010','EnvOne','24.30','63.90','16','1',0,1,0,'2023-01-18 11:18:10','2023-01-18 11:18:10'),(108,'4','1010','EnvOne','24.30','63.90','16','1',0,0,0,'2023-01-18 11:18:10','2023-01-18 11:18:10'),(109,'4','1010','EnvOne','24.40','63.90','0','0',0,0,1,'2023-01-18 11:22:11','2023-01-18 11:22:11'),(110,'4','1010','EnvOne','24.40','63.90','0','0',0,0,0,'2023-01-18 11:22:11','2023-01-18 11:22:11'),(111,'4','1010','EnvOne','nan','nan','21','1',0,0,0,'2023-01-18 11:43:42','2023-01-18 11:43:42'),(112,'4','1010','EnvOne','23.80','63.50','21','0',0,1,0,'2023-01-18 11:45:22','2023-01-18 11:45:22'),(113,'4','1010','EnvOne','23.40','66.20','27','1',0,1,0,'2023-01-18 13:05:04','2023-01-18 13:05:04'),(114,'4','1010','EnvOne','23.40','66.20','27','1',0,0,0,'2023-01-18 13:05:04','2023-01-18 13:05:04'),(115,'4','1010','EnvOne','nan','nan','28','0',0,0,0,'2023-01-18 13:05:24','2023-01-18 13:05:24'),(116,'4','1010','EnvOne','nan','nan','28','0',0,0,0,'2023-01-18 13:05:24','2023-01-18 13:05:24'),(117,'4','1010','EnvOne','23.50','66.10','27','1',0,1,0,'2023-01-18 13:05:28','2023-01-18 13:05:28'),(118,'4','1010','EnvOne','23.50','66.10','27','1',0,0,0,'2023-01-18 13:05:28','2023-01-18 13:05:28'),(119,'4','1010','EnvOne','23.50','65.90','27','0',0,0,0,'2023-01-18 13:05:54','2023-01-18 13:05:54'),(120,'4','1010','EnvOne','nan','nan','18','0',0,0,1,'2023-01-19 05:40:09','2023-01-19 05:40:09'),(121,'4','1010','EnvOne','nan','nan','17','1',0,0,0,'2023-01-19 05:40:12','2023-01-19 05:40:12'),(122,'4','1010','EnvOne','23.30','68.60','17','1',0,1,0,'2023-01-19 05:40:15','2023-01-19 05:40:15'),(123,'4','1010','EnvOne','22.0','67','52','0',0,1,0,'2023-01-19 07:14:58','2023-01-19 07:14:58'),(124,'4','1010','EnvOne','22.0','67','56','1',0,0,0,'2023-01-19 07:16:10','2023-01-19 07:16:10'),(125,'4','1010','EnvOne','22.0','67','56','0',0,0,0,'2023-01-19 07:16:14','2023-01-19 07:16:14'),(126,'4','1010','EnvOne','23.40','68.40','25','1',0,1,0,'2023-01-19 07:48:02','2023-01-19 07:48:02'),(127,'4','1010','EnvOne','23.40','68.40','25','1',0,0,0,'2023-01-19 07:48:02','2023-01-19 07:48:02'),(128,'4','1010','EnvOne','22.0','67','56','0',0,1,0,'2023-01-20 07:01:58','2023-01-20 07:01:58'),(129,'4','1010','EnvOne','23.30','66.70','31','1',0,1,0,'2023-01-20 07:02:44','2023-01-20 07:02:44'),(130,'4','1010','EnvOne','23.30','66.70','31','1',0,0,0,'2023-01-20 07:02:44','2023-01-20 07:02:44'),(131,'4','1010','EnvOne','23.30','66.70','31','1',0,0,0,'2023-01-20 07:02:49','2023-01-20 07:27:02'),(132,'4','1010','EnvOne','22.0','67','31','0',0,1,0,'2023-01-20 07:25:03','2023-01-20 07:27:12'),(133,'4','1010','EnvOne','22.0','67','31','0',0,0,0,'2023-01-20 07:25:03','2023-01-20 07:27:12'),(134,'4','1010','EnvOne','22.0','67','56','0',0,1,0,'2023-01-20 07:30:15','2023-01-20 07:30:15'),(136,'4','1010','EnvOne','22.0','67','56','1',0,0,0,'2023-01-20 07:30:27','2023-01-20 07:30:27'),(138,'4','1010','EnvOne','22.0','67','56','1',0,1,0,'2023-01-20 07:32:07','2023-01-20 07:32:07'),(139,'4','1010','EnvOne','22.0','67','56','1',0,0,0,'2023-01-20 07:32:07','2023-01-20 07:32:07'),(140,'4','1010','EnvOne','22.0','67','56','0',0,0,0,'2023-01-20 07:32:21','2023-01-20 07:32:21'),(142,'4','1010','EnvOne','22.0','67','56','1',0,0,0,'2023-01-20 07:33:10','2023-01-20 07:33:10'),(144,'4','1010','EnvOne','22.0','67','56','0\r\n',0,0,0,'2023-01-20 07:33:35','2023-01-20 07:33:35'),(146,'4','1010','EnvOne','22.0','67','56','1\r\n',0,1,0,'2023-01-20 07:36:55','2023-01-20 07:36:55'),(147,'4','1010','EnvOne','22.0','67','56','1\r\n',0,0,0,'2023-01-20 07:36:55','2023-01-20 07:36:55'),(150,'4','1010','EnvOne','22.0','67','56','1\r\n',0,1,0,'2023-01-20 07:40:06','2023-01-20 07:40:06'),(151,'4','1010','EnvOne','22.0','67','56','1\r\n',0,0,0,'2023-01-20 07:40:06','2023-01-20 07:40:06'),(153,'4','1010','EnvOne','22.0','67','56','0\r\n',0,0,0,'2023-01-20 07:40:21','2023-01-20 07:40:21'),(162,'4','1010','EnvOne','23.10','66.30','30','0',0,1,0,'2023-01-20 07:49:42','2023-01-20 07:49:42'),(163,'4','1010','EnvOne','nan','nan','31','0',0,0,0,'2023-01-20 07:50:55','2023-01-20 07:50:55'),(165,'4','1010','EnvOne','23.0','67','67','0\r\n',0,1,0,'2023-01-20 07:52:59','2023-01-20 07:52:59'),(169,'4','1010','EnvOne','40.0','105','105','0\r\n',1,0,0,'2023-01-20 08:58:17','2023-01-20 08:58:17'),(170,'4','1010','EnvOne','40.0','105','105','0\r\n',0,1,0,'2023-01-20 08:58:17','2023-01-20 08:58:17'),(171,'4','1010','EnvOne','23.0','67','63','0\r\n',0,0,0,'2023-01-20 08:58:44','2023-01-20 08:58:44'),(175,'1','1010','DT1006','nan','nan','30','1',0,0,1,'2023-01-20 09:59:45','2023-01-20 09:59:45'),(176,'1','1010','DT1006','nan','nan','30','1',0,0,0,'2023-01-20 09:59:45','2023-01-20 09:59:45'),(177,'1','1010','DT1006','nan','nan','30','0',0,0,0,'2023-01-20 09:59:48','2023-01-20 09:59:48'),(178,'1','1010','DT1006','23.0','67','63','1\r\n',1,0,0,'2023-01-20 10:07:03','2023-01-20 10:07:03'),(179,'1','1010','DT1006','23.0','67','63','1\r\n',0,1,0,'2023-01-20 10:07:03','2023-01-20 10:07:03'),(180,'1','1010','DT1006','23.0','67','63','1\r\n',0,0,0,'2023-01-20 10:07:03','2023-01-20 10:07:03'),(181,'4','LR12345','EnvOne','23.0','67','63','1\r\n',0,1,0,'2023-01-20 10:07:04','2023-01-20 10:07:04'),(182,'4','LR12345','EnvOne','23.0','67','63','1\r\n',0,0,0,'2023-01-20 10:07:04','2023-01-20 10:07:04'),(183,'1','1010','DT1006','23.0','67','63','0\r\n',0,0,0,'2023-01-20 10:14:51','2023-01-20 10:14:51'),(185,'1','1010','DT1006','23.0','67','63','1\r\n',0,0,0,'2023-01-20 10:17:23','2023-01-20 10:17:23'),(187,'1','1010','DT1006','24.0','67','63','0\r\n',0,0,0,'2023-01-20 10:20:26','2023-01-20 10:20:26'),(189,'1','1010','DT1006','23.50','62.60','30','1',0,0,0,'2023-01-20 10:30:05','2023-01-20 10:30:05'),(190,'4','LR12345','EnvOne','23.50','62.60','30','1',0,1,0,'2023-01-20 10:30:05','2023-01-20 10:30:05'),(191,'4','LR12345','EnvOne','23.50','62.60','30','1',0,0,0,'2023-01-20 10:30:06','2023-01-20 10:30:06'),(192,'1','1010','DT1006','nan','nan','30','0',0,0,0,'2023-01-20 10:30:08','2023-01-20 10:30:08'),(193,'1','1010','DT1006','nan','nan','30','0',0,0,0,'2023-01-20 10:30:08','2023-01-20 10:30:08'),(194,'1','1010','DT1006','nan','nan','30','0',0,0,0,'2023-01-20 10:30:08','2023-01-20 10:30:08'),(195,'4','LR12345','EnvOne','nan','nan','30','0',0,0,0,'2023-01-20 10:30:08','2023-01-20 10:30:08'),(196,'4','LR12345','EnvOne','nan','nan','30','0',0,0,0,'2023-01-20 10:30:08','2023-01-20 10:30:08'),(197,'1','1010','DT1006','23.50','62.60','30','1',1,0,0,'2023-01-20 10:30:46','2023-01-20 10:30:46'),(198,'1','1010','DT1006','23.50','62.60','30','1',0,1,0,'2023-01-20 10:30:46','2023-01-20 10:30:46'),(199,'1','1010','DT1006','23.50','62.60','30','1',0,0,0,'2023-01-20 10:30:46','2023-01-20 10:30:46'),(200,'4','LR12345','EnvOne','23.50','62.60','30','1',0,1,0,'2023-01-20 10:30:46','2023-01-20 10:30:46'),(201,'4','LR12345','EnvOne','23.50','62.60','30','1',0,0,0,'2023-01-20 10:30:47','2023-01-20 10:30:47'),(202,'1','1010','DT1006','25.0','67','63','0\r\n',0,0,0,'2023-01-20 10:39:19','2023-01-20 10:39:19'),(203,'4','LR12345','EnvOne','25.0','67','63','0\r\n',0,0,0,'2023-01-20 10:39:19','2023-01-20 10:39:19'),(204,'1','1010','DT1006','25.0','67','63','1\r\n',0,0,0,'2023-01-20 10:39:32','2023-01-20 10:39:32'),(205,'4','LR12345','EnvOne','25.0','67','63','1\r\n',0,0,0,'2023-01-20 10:39:32','2023-01-20 10:39:32'),(206,'1','1010','DT1006','25.0','67','63','0\r\n',0,0,0,'2023-01-20 10:43:45','2023-01-20 10:43:45'),(207,'4','LR12345','EnvOne','25.0','67','63','0\r\n',0,0,0,'2023-01-20 10:43:45','2023-01-20 10:43:45'),(208,'1','1010','DT1006','25.0','67','63','1\r\n',0,0,0,'2023-01-20 10:43:54','2023-01-20 10:43:54'),(209,'4','LR12345','EnvOne','25.0','67','63','1\r\n',0,0,0,'2023-01-20 10:43:55','2023-01-20 10:43:55'),(210,'4','LR12345','EnvOne','25.0','67','63','0\r\n',0,0,0,'2023-01-20 10:45:23','2023-01-20 10:45:23'),(211,'4','LR12345','EnvOne','25.0','67','63','1\r\n',0,0,0,'2023-01-20 10:45:28','2023-01-20 10:45:28'),(212,'4','LR12345','EnvOne','25.0','67','63','0\r\n',0,0,0,'2023-01-20 10:49:52','2023-01-20 10:49:52'),(213,'4','LR12345','EnvOne','25.0','67','63','1\r\n',0,0,0,'2023-01-20 10:50:31','2023-01-20 10:50:31'),(214,'4','LR12345','EnvOne','10.0','67','63','0\r\n',0,0,0,'2023-01-20 10:51:10','2023-01-20 10:51:10'),(215,'4','LR12345','EnvOne','75.0','67','63','0\r\n',1,0,0,'2023-01-20 10:51:33','2023-01-20 10:51:33'),(216,'4','LR12345','EnvOne','23.0','67','63','0\r\n',0,0,0,'2023-01-20 10:53:05','2023-01-20 10:53:05'),(217,'4','LR12345','EnvOne','23.0','67','63','1\r\n',0,0,0,'2023-01-20 11:24:38','2023-01-20 11:24:38'),(218,'4','LR12345','EnvOne','23.0','67','63','0\r\n',0,0,0,'2023-01-20 11:33:46','2023-01-20 11:33:46'),(219,'4','LR12345','EnvOne','23.0','67','63','1\r\n',0,0,0,'2023-01-20 11:34:20','2023-01-20 11:34:20'),(220,'4','LR12345','EnvOne','23.0','67','63','0\r\n',0,0,0,'2023-01-20 11:34:34','2023-01-20 11:34:34'),(221,'4','LR12345','EnvOne','70.0','67','63','0\r\n',1,0,0,'2023-01-20 11:34:48','2023-01-20 11:34:48'),(222,'4','LR12345','EnvOne','25.0','67','63','0\r\n',0,0,0,'2023-01-20 11:34:57','2023-01-20 11:34:57'),(223,'4','LR12345','EnvOne','25.0','9','63','0\r\n',0,0,0,'2023-01-20 11:37:09','2023-01-20 11:37:09'),(224,'4','LR12345','EnvOne','25.0','9','63','1\r\n',0,0,0,'2023-01-20 12:51:37','2023-01-20 12:51:37'),(225,'4','LR12345','EnvOne','25.0','9','63','0\r\n',0,0,0,'2023-01-20 12:51:44','2023-01-20 12:51:44'),(226,'4','LR12345','EnvOne','33.00','67','63','0\r\n',0,1,0,'2023-01-20 12:53:46','2023-01-20 12:53:46'),(227,'4','LR12345','EnvOne','nan','nan','63','0\r\n',0,0,0,'2023-01-20 12:53:57','2023-01-20 12:53:57'),(228,'4','LR12345','EnvOne','33.00','67','63','0\r\n',0,1,0,'2023-01-20 12:54:36','2023-01-20 12:54:36'),(229,'4','LR12345','EnvOne','nan','nan','63','0\r\n',0,0,0,'2023-01-20 12:54:44','2023-01-20 12:54:44'),(230,'4','LR12345','EnvOne','33.00','67','63','0',0,1,0,'2023-01-20 12:55:30','2023-01-20 12:55:30'),(231,'4','LR12345','EnvOne','nan','nan','63','0',0,0,0,'2023-01-20 12:55:42','2023-01-20 12:55:42'),(232,'4','LR12345','EnvOne','33.00','67','63','0',0,1,0,'2023-01-20 12:56:49','2023-01-20 12:56:49'),(233,'4','LR12345','EnvOne','nan','nan','63','0',0,0,0,'2023-01-20 12:56:57','2023-01-20 12:56:57'),(234,'4','LR12345','EnvOne','33.00','67','63','0',0,1,0,'2023-01-20 12:58:10','2023-01-20 12:58:10'),(235,'4','LR12345','EnvOne','nan','nan','63','0',0,0,0,'2023-01-20 13:00:46','2023-01-20 13:00:46'),(236,'4','LR12345','EnvOne','23.00','67','63','0',0,1,0,'2023-01-20 13:01:14','2023-01-20 13:01:14'),(237,'4','LR12345','EnvOne','23.00','67','63','1',0,0,0,'2023-01-20 13:01:57','2023-01-20 13:01:57'),(238,'4','LR12345','EnvOne','23.00','67','63','0',0,0,0,'2023-01-20 13:02:09','2023-01-20 13:02:09'),(239,'4','LR12345','EnvOne','nan','nan','63','1',0,0,0,'2023-01-20 13:02:22','2023-01-20 13:02:22'),(240,'4','LR12345','EnvOne','nan','nan','63','1',0,0,0,'2023-01-20 13:02:22','2023-01-20 13:02:22'),(241,'4','LR12345','EnvOne','nan','nan','63','0',0,0,0,'2023-01-20 13:02:40','2023-01-20 13:02:40'),(242,'4','LR12345','EnvOne','23.00','55','63','0',0,1,0,'2023-01-20 13:02:58','2023-01-20 13:02:58'),(243,'4','LR12345','EnvOne','23.00','55','63','1',0,0,0,'2023-01-20 13:06:00','2023-01-20 13:06:00'),(244,'4','LR12345','EnvOne','22.00','55','63','0',0,0,0,'2023-01-20 13:06:15','2023-01-20 13:06:15'),(245,'4','LR12345','EnvOne','23.00','55','63','1',0,0,0,'2023-01-20 13:06:43','2023-01-20 13:06:43'),(246,'4','LR12345','EnvOne','23.00','55','63','0',0,0,0,'2023-01-20 13:06:51','2023-01-20 13:06:51'),(247,'4','LR12345','EnvOne','23.00','55','63','1',0,0,0,'2023-01-20 13:07:35','2023-01-20 13:07:35'),(248,'4','LR12345','EnvOne','23.00','55','63','0',0,0,0,'2023-01-20 13:07:38','2023-01-20 13:07:38'),(250,'4','LR12345','EnvOne','23.0','58','29','0',0,1,0,'2023-01-21 06:41:26','2023-01-21 06:41:26'),(252,'4','LR12345','EnvOne','23.50','61.30','25','1',0,1,0,'2023-01-23 04:55:36','2023-01-23 04:55:36'),(253,'4','LR12345','EnvOne','23.50','61.30','25','1',0,0,0,'2023-01-23 04:55:36','2023-01-23 04:55:36'),(254,'4','LR12345','EnvOne','23.40','61.20','23','0',0,0,0,'2023-01-23 04:56:08','2023-01-23 04:56:08'),(255,'4','LR12345','EnvOne','23.50','61.00','25','1',0,0,0,'2023-01-23 04:57:03','2023-01-23 04:57:03'),(256,'4','LR12345','EnvOne','23.50','60.80','22','0',0,0,0,'2023-01-23 04:58:09','2023-01-23 04:58:09'),(257,'4','LR12345','EnvOne','23.70','59.40','23','0',0,0,0,'2023-01-23 05:05:41','2023-01-23 05:05:41'),(258,'1','1010','DT1006','23.0','57','64','0',0,0,0,'2023-01-23 05:24:46','2023-01-23 05:24:46'),(259,'4','LR12345','EnvOne','23.20','62.20','25','1',0,0,0,'2023-01-23 06:00:51','2023-01-23 06:00:51'),(260,'4','LR12345','EnvOne','23.30','62.20','21','0',0,0,0,'2023-01-23 06:06:58','2023-01-23 06:06:58'),(261,'4','LR12345','EnvOne','23.30','62.10','20','0',0,0,1,'2023-01-23 06:07:13','2023-01-23 06:07:13'),(262,'4','LR12345','EnvOne','23.30','61.90','34','1',0,0,0,'2023-01-23 06:10:57','2023-01-23 06:10:57'),(263,'4','LR12345','EnvOne','23.30','61.90','34','1',0,0,0,'2023-01-23 06:10:57','2023-01-23 06:10:57'),(264,'4','LR12345','EnvOne','23.30','62.20','33','0',0,0,0,'2023-01-23 06:11:12','2023-01-23 06:11:12'),(265,'4','LR12345','EnvOne','23.20','62.30','0','1',0,0,1,'2023-01-23 06:27:29','2023-01-23 06:27:29'),(266,'4','LR12345','EnvOne','23.20','62.30','0','1',0,0,0,'2023-01-23 06:27:29','2023-01-23 06:27:29'),(267,'4','LR12345','EnvOne','23.20','62.50','32','0',0,0,0,'2023-01-23 06:30:48','2023-01-23 06:30:48'),(268,'4','LR12345','EnvOne','23.20','62.50','32','0',0,0,0,'2023-01-23 06:30:48','2023-01-23 06:30:48'),(269,'4','LR12345','EnvOne','23.0','57','68','1',0,0,0,'2023-01-23 07:17:40','2023-01-23 07:17:40'),(270,'4','LR12345','EnvOne','23.0','57','68','0',0,0,0,'2023-01-23 07:17:58','2023-01-23 07:17:58'),(277,'4','LR12345','EnvOne','23.0','40','60','1',0,0,0,'2023-01-23 07:26:29','2023-01-23 07:26:29'),(278,'4','LR12345','EnvOne','23.0','40','60','0',0,0,0,'2023-01-23 07:27:13','2023-01-23 07:27:13'),(308,'4','LR12345','EnvOne','23.0','40','60','1',0,0,0,'2023-01-23 09:44:18','2023-01-23 09:44:18'),(309,'4','LR12345','EnvOne','23.0','40','60','0',0,0,0,'2023-01-23 09:44:35','2023-01-23 09:44:35'),(310,'4','LR12345','EnvOne','23.0','40','60','1',0,0,0,'2023-01-23 09:45:12','2023-01-23 09:45:12'),(311,'4','LR12345','EnvOne','23.0','40','60','0',0,0,0,'2023-01-23 09:45:23','2023-01-23 09:45:23'),(316,'4','LR12345','EnvOne','23.0','40','60','1',0,0,0,'2023-01-23 10:13:11','2023-01-23 10:13:11'),(317,'4','LR12345','EnvOne','23.0','40','60','0',0,0,0,'2023-01-23 10:13:23','2023-01-23 10:13:23'),(322,'4','LR12345','EnvOne','23.0','40','60','1',0,0,0,'2023-01-23 10:28:20','2023-01-23 10:28:20'),(323,'4','LR12345','EnvOne','nan','nan','33','0',0,0,0,'2023-01-23 10:29:33','2023-01-23 10:29:33'),(324,'4','LR12345','EnvOne','23.0','40','60','1',0,0,0,'2023-01-23 10:29:41','2023-01-23 10:29:41'),(326,'4','LR12345','EnvOne','23.0','40','60','0',0,0,0,'2023-01-23 10:32:55','2023-01-23 10:32:55'),(327,'4','LR12345','EnvOne','23.0','40','60','1',0,0,0,'2023-01-23 10:50:14','2023-01-23 10:50:14'),(328,'4','LR12345','EnvOne','23.0','40','60','0',0,0,0,'2023-01-23 10:50:30','2023-01-23 10:50:30'),(330,'4','LR12345','EnvOne','23.0','40','60','1',0,0,0,'2023-01-23 10:55:01','2023-01-23 10:55:01'),(331,'4','LR12345','EnvOne','23.0','40','60','0',0,0,0,'2023-01-23 10:55:15','2023-01-23 10:55:15'),(334,'4','LR12345','EnvOne','23.0','40','60','1',0,0,0,'2023-01-23 11:01:21','2023-01-23 11:01:21'),(335,'4','LR12345','EnvOne','23.0','40','60','0',0,0,0,'2023-01-23 11:45:10','2023-01-23 11:45:10'),(338,'4','LR12345','EnvOne','23.0','40','60','1',0,0,0,'2023-01-23 11:47:16','2023-01-23 11:47:16'),(339,'4','LR12345','EnvOne','23.0','40','60','0',0,0,0,'2023-01-23 11:47:28','2023-01-23 11:47:28'),(340,'4','LR12345','EnvOne','23.0','40','60','1',0,0,0,'2023-01-23 11:48:20','2023-01-23 11:48:20'),(341,'4','LR12345','EnvOne','23.0','40','60','0',0,0,0,'2023-01-23 11:49:17','2023-01-23 11:49:17'),(342,'4','LR12345','EnvOne','23.0','40','60','1',0,0,0,'2023-01-23 11:49:31','2023-01-23 11:49:31'),(343,'4','LR12345','EnvOne','23.0','40','60','0',0,0,0,'2023-01-23 11:49:41','2023-01-23 11:49:41'),(345,'4','LR12345','EnvOne','23.0','40','60','1',0,0,0,'2023-01-23 12:33:24','2023-01-23 12:33:24'),(346,'4','LR12345','EnvOne','23.0','40','60','0',0,0,0,'2023-01-23 12:33:35','2023-01-23 12:33:35'),(353,'4','LR12345','EnvOne','23.0','40','60','1',0,0,0,'2023-01-23 12:45:20','2023-01-23 12:45:20'),(354,'4','LR12345','EnvOne','23.0','40','60','0',0,0,0,'2023-01-23 12:46:03','2023-01-23 12:46:03'),(355,'4','LR12345','EnvOne','23.0','40','60','1',0,0,0,'2023-01-23 12:46:16','2023-01-23 12:46:16'),(356,'4','LR12345','EnvOne','23.0','40','60','0',0,0,0,'2023-01-23 12:47:31','2023-01-23 12:47:31'),(363,'4','LR12345','EnvOne','23.6','56','60','1\n',0,0,0,'2023-01-24 10:49:11','2023-01-24 10:49:11'),(364,'4','LR12345','EnvOne','23.6','56','60','1\n',0,0,0,'2023-01-24 10:49:11','2023-01-24 10:49:11'),(368,'4','LR12345','EnvOne','23.6','56','60','0\n',0,0,0,'2023-01-24 10:50:03','2023-01-24 10:50:03'),(372,'4','LR12345','EnvOne','23.6','56','60','0\n',0,0,0,'2023-01-24 10:56:48','2023-01-24 10:56:48'),(375,'4','LR12345','EnvOne','23.6','56','60','1\n',0,0,0,'2023-01-24 10:57:21','2023-01-24 10:57:21'),(376,'4','LR12345','EnvOne','23.6','56','60','0\n',0,0,0,'2023-01-24 10:57:28','2023-01-24 10:57:28'),(378,'4','LR12345','EnvOne','25.6','56','60','1\n',0,0,0,'2023-01-24 11:00:05','2023-01-24 11:00:05'),(379,'4','LR12345','EnvOne','25.6','56','60','0\n',0,0,0,'2023-01-24 11:00:18','2023-01-24 11:00:18'),(382,'4','LR12345','EnvOne','25.6','56','60','1\n',0,0,0,'2023-01-24 11:00:45','2023-01-24 11:00:45'),(383,'4','LR12345','EnvOne','25.6','56','60','0\n',0,0,0,'2023-01-24 11:00:59','2023-01-24 11:00:59'),(384,'4','LR12345','EnvOne','25.6','56','60','1\n',0,0,0,'2023-01-24 12:19:30','2023-01-24 12:19:30'),(386,'4','LR12345','EnvOne','22.6','56','60','0\n',0,0,0,'2023-01-24 12:20:21','2023-01-24 12:20:21'),(389,'4','LR12345','EnvOne','22.6','56','60','1\n',0,0,0,'2023-01-24 12:21:20','2023-01-24 12:21:20'),(390,'4','LR12345','EnvOne','22.6','56','60','0\n',0,0,0,'2023-01-24 12:21:48','2023-01-24 12:21:48'),(393,'4','LR12345','EnvOne','22.6','56','60','1\n',0,0,0,'2023-01-24 12:22:48','2023-01-24 12:22:48'),(394,'4','LR12345','EnvOne','22.6','56','60','0\n',0,0,0,'2023-01-24 12:23:08','2023-01-24 12:23:08'),(397,'4','LR12345','EnvOne','22.6','56','60','1\n',0,0,0,'2023-01-24 12:24:33','2023-01-24 12:24:33'),(398,'4','LR12345','EnvOne','22.6','56','60','0\n',0,0,0,'2023-01-24 12:24:44','2023-01-24 12:24:44'),(401,'4','LR12345','EnvOne','22.6','56','68','1\n',0,0,0,'2023-01-24 12:25:58','2023-01-24 12:25:58'),(402,'4','LR12345','EnvOne','22.6','56','68','0\n',0,0,0,'2023-01-24 12:26:32','2023-01-24 12:26:32'),(403,'4','LR12345','EnvOne','22.6','56','68','1\n',0,0,0,'2023-01-24 12:28:02','2023-01-24 12:28:02'),(404,'1','1007','DT1007','22.6','56','68','1\n',1,0,0,'2023-01-24 12:28:53','2023-01-24 12:28:53'),(405,'1','1007','DT1007','22.6','56','68','1\n',0,1,0,'2023-01-24 12:28:53','2023-01-24 12:28:53'),(406,'1','1007','DT1007','22.6','56','68','1\n',0,0,1,'2023-01-24 12:28:53','2023-01-24 12:28:53'),(407,'1','1007','DT1007','22.6','56','68','1\n',0,0,0,'2023-01-24 12:28:54','2023-01-24 12:28:54'),(408,'4','LR12345','EnvOne','22.6','56','68','0\n',0,0,0,'2023-01-24 12:30:09','2023-01-24 12:30:09'),(409,'4','LR12345','EnvOne','22.6','56','68','1\n',0,0,0,'2023-01-24 12:30:19','2023-01-24 12:30:19'),(410,'4','LR12345','EnvOne','22.6','56','68','0\n',0,0,0,'2023-01-24 12:34:17','2023-01-24 12:34:17'),(411,'4','LR12345','EnvOne','22.6','56','68','1\n',0,0,0,'2023-01-24 12:35:59','2023-01-24 12:35:59'),(412,'4','LR12345','EnvOne','22.6','56','68','0\n',0,0,0,'2023-01-24 12:36:23','2023-01-24 12:36:23'),(413,'4','LR12345','EnvOne','22.6','56','68','1\n',0,0,0,'2023-01-24 12:36:32','2023-01-24 12:36:32'),(418,'4','LR12345','EnvOne','22.6','56','68','0\n',0,0,0,'2023-01-24 12:39:34','2023-01-24 12:39:34'),(419,'4','LR12345','EnvOne','22.6','56','68','1\n',0,0,0,'2023-01-24 12:40:35','2023-01-24 12:40:35'),(420,'4','LR12345','EnvOne','22.6','56','68','0\n',0,0,0,'2023-01-24 12:40:50','2023-01-24 12:40:50'),(421,'4','LR12345','EnvOne','22.6','56','68','1\n',0,0,0,'2023-01-24 12:41:21','2023-01-24 12:41:21'),(422,'4','LR12345','EnvOne','22.6','56','68','0\n',0,0,0,'2023-01-24 12:41:34','2023-01-24 12:41:34'),(429,'4','LR12345','EnvOne','22.6','56','68','1\n',0,0,0,'2023-01-24 12:46:19','2023-01-24 12:46:19'),(433,'1','1007','DT1007','22.6','56','68','0\n',0,0,0,'2023-01-24 12:47:48','2023-01-24 12:47:48'),(434,'4','LR12345','EnvOne','22.6','56','68','0\n',0,0,0,'2023-01-24 12:48:12','2023-01-24 12:48:12'),(435,'4','LR12345','EnvOne','22.6','56','68','1\n',0,0,0,'2023-01-24 12:48:23','2023-01-24 12:48:23'),(436,'4','LR12345','EnvOne','22.6','56','68','0\n',0,0,0,'2023-01-24 12:50:08','2023-01-24 12:50:08'),(437,'4','LR12345','EnvOne','22.6','56','68','1\n',0,0,0,'2023-01-24 12:50:22','2023-01-24 12:50:22'),(441,'4','LR12345','EnvOne','22.6','56','68','0\n',0,0,0,'2023-01-24 12:54:08','2023-01-24 12:54:08'),(442,'4','LR12345','EnvOne','22.6','56','68','1\n',0,0,0,'2023-01-24 12:54:25','2023-01-24 12:54:25'),(443,'4','LR12345','EnvOne','22.6','56','68','0\n',0,0,0,'2023-01-24 12:57:12','2023-01-24 12:57:12'),(444,'4','LR12345','EnvOne','22.6','56','68','1\n',0,0,0,'2023-01-24 12:57:24','2023-01-24 12:57:24'),(445,'4','LR12345','EnvOne','22.6','56','68','0\n',0,0,0,'2023-01-24 13:39:49','2023-01-24 13:39:49'),(446,'4','LR12345','EnvOne','22.6','56','68','1\n',0,0,0,'2023-01-24 13:40:36','2023-01-24 13:40:36'),(448,'4','LR12345','EnvOne','22.6','56','68','0',0,0,0,'2023-01-24 13:41:20','2023-01-24 13:41:20'),(449,'4','LR12345','EnvOne','22.6','56','70','1',0,0,0,'2023-01-25 04:16:30','2023-01-25 04:16:30'),(450,'4','LR12345','EnvOne','22.6','56','70','0',0,0,0,'2023-01-25 04:17:06','2023-01-25 04:17:06'),(453,'4','LR12345','EnvOne','22.6','56','70','1',0,0,0,'2023-01-25 04:21:29','2023-01-25 04:21:29'),(454,'4','LR12345','EnvOne','22.6','56','70','0',0,0,0,'2023-01-25 04:22:02','2023-01-25 04:22:02'),(455,'4','LR12345','EnvOne','22.6','60','70','1',0,0,0,'2023-01-25 04:23:00','2023-01-25 04:23:00'),(456,'4','LR12345','EnvOne','22.6','63','70','0',0,0,0,'2023-01-25 04:25:01','2023-01-25 04:25:01'),(457,'4','LR12345','EnvOne','21.0','59','63','1',0,0,0,'2023-01-27 11:50:33','2023-01-27 11:50:33'),(458,'4','LR12345','EnvOne','21.0','59','63','0',0,0,0,'2023-01-27 11:50:37','2023-01-27 11:50:37'),(462,'1','1009','DT1009','25.0','59','62','0',1,0,0,'2023-02-01 11:50:18','2023-02-01 11:50:18'),(463,'1','1009','DT1009','25.0','59','62','0',0,1,0,'2023-02-01 11:50:18','2023-02-01 11:50:18'),(464,'1','1009','DT1009','25.0','59','62','0',0,0,1,'2023-02-01 11:50:18','2023-02-01 11:50:18'),(472,'1','1010','DT1006','35','59','62','0',1,0,0,'2023-02-02 06:13:06','2023-02-02 06:13:06'),(473,'1','1010','DT1006','45','59','62','0',0,0,0,'2023-02-02 06:14:00','2023-02-02 06:14:00'),(474,'1','1010','DT1006','75','59','62','0',1,0,0,'2023-02-02 06:14:24','2023-02-02 06:14:24'),(475,'1','1010','DT1006','40','59','62','0',0,0,0,'2023-02-02 06:15:12','2023-02-02 06:15:12'),(476,'1','1010','DT1006','35','59','62','0',1,0,0,'2023-02-02 06:15:19','2023-02-02 06:15:19'),(477,'1','1010','DT1006','40','59','62','0',0,0,0,'2023-02-02 06:16:04','2023-02-02 06:16:04'),(478,'1','1010','DT1006','40','91','8','0',0,0,0,'2023-02-02 06:18:50','2023-02-02 06:18:50'),(479,'1','1010','DT1006','40','91','8','0',0,0,0,'2023-02-02 06:18:50','2023-02-02 06:18:50'),(480,'1','1010','DT1006','40','91','8','0',1,0,0,'2023-02-02 06:20:01','2023-02-02 06:20:01'),(481,'1','1010','DT1006','24','91','8','0',0,0,0,'2023-02-02 06:20:33','2023-02-02 06:20:33'),(482,'1','1010','DT1006','26','91','8','0',1,0,0,'2023-02-02 06:20:43','2023-02-02 06:20:43'),(483,'1','1010','DT1006','23','91','8','0',0,0,0,'2023-02-02 06:20:52','2023-02-02 06:20:52'),(484,'1','1009','DT1009','23','91','8','0',0,0,0,'2023-02-02 06:28:13','2023-02-02 06:28:13'),(485,'1','1009','DT1009','23','91','8','0',0,0,0,'2023-02-02 06:28:13','2023-02-02 06:28:13'),(486,'4','LR12345','Env','25','91','8','0',0,0,1,'2023-02-03 09:32:27','2023-02-03 09:32:27'),(487,'4','LR12345','Env','23','91','8','1',0,0,0,'2023-02-03 09:33:08','2023-02-03 09:33:08'),(488,'4','LR12345','Env','23','91','8','0',0,0,0,'2023-02-03 09:33:16','2023-02-03 09:33:16'),(489,'1','1010','DT1006','23','91','8','1',0,0,0,'2023-02-03 09:34:12','2023-02-03 09:34:12'),(490,'4','LR12345','Env','23','91','8','1',0,0,0,'2023-02-03 09:34:41','2023-02-03 09:34:41'),(491,'4','LR12345','Env','23','91','8','0',0,0,0,'2023-02-03 09:35:14','2023-02-03 09:35:14'),(492,'4','LR12345','Env','23','91','8','1',0,0,0,'2023-02-03 09:38:25','2023-02-03 09:38:25'),(493,'4','LR12345','Env','23','91','8','0',0,0,0,'2023-02-03 09:38:38','2023-02-03 09:38:38'),(494,'1','1010','DT1006','23','91','8','0',0,0,0,'2023-02-03 09:38:45','2023-02-03 09:38:45'),(495,'1','1010','DT1006','23','91','8','1',0,0,0,'2023-02-03 09:38:49','2023-02-03 09:38:49'),(496,'4','LR12345','Env','23','91','8','1',0,0,0,'2023-02-03 09:53:17','2023-02-03 09:53:17'),(497,'1','1010','DT1006','23','91','8','0',0,0,0,'2023-02-03 09:53:37','2023-02-03 09:53:37'),(498,'1','1010','DT1006','23','91','8','1',0,0,0,'2023-02-03 09:54:09','2023-02-03 09:54:09'),(499,'4','LR12345','Env','23','91','8','0',0,0,0,'2023-02-03 09:54:28','2023-02-03 09:54:28'),(500,'1','1010','DT1006','23','91','8','0',0,0,0,'2023-02-03 09:54:50','2023-02-03 09:54:50'),(501,'4','LR12345','Env','23','91','8','1',0,0,0,'2023-02-03 12:27:12','2023-02-03 12:27:12'),(502,'1','1010','DT1006','23','91','8','1',0,0,0,'2023-02-03 12:27:22','2023-02-03 12:27:22'),(503,'4','LR12345','Env','23','91','8','0',0,0,0,'2023-02-03 12:28:45','2023-02-03 12:28:45'),(504,'1','1010','DT1006','23','91','8','0',0,0,0,'2023-02-03 12:29:07','2023-02-03 12:29:07'),(505,'1','1010','DT1006','25.0','92','10','0',1,0,0,'2023-02-06 06:47:54','2023-02-06 06:47:54'),(506,'1','1010','DT1006','25.0','92','10','0',0,0,1,'2023-02-06 06:47:54','2023-02-06 06:47:54'),(507,'1','1010','DT1006','22.0','92','10','0',0,0,0,'2023-02-06 07:57:20','2023-02-06 07:57:20'),(508,'1','1010','DT1006','26.0','92','10','0',1,0,0,'2023-02-07 05:53:21','2023-02-07 05:53:21'),(509,'1','1010','DT1006','22.0','92','10','0',0,0,0,'2023-02-07 09:03:48','2023-02-07 09:03:48'),(510,'4','LR12345','Env','23.80','62.30','29','0',0,0,0,'2023-02-07 10:59:17','2023-02-07 10:59:17'),(511,'4','LR12345','Env','nan','nan','31','0',0,0,0,'2023-02-07 10:59:41','2023-02-07 10:59:41'),(512,'4','LR12345','Env','23.80','62.20','30','1',0,1,0,'2023-02-07 10:59:44','2023-02-07 10:59:44'),(513,'4','LR12345','Env','23.80','62.20','30','1',0,0,0,'2023-02-07 10:59:44','2023-02-07 10:59:44'),(514,'1','1010','DT1006','26.0','92','10','0',1,0,0,'2023-02-07 12:52:16','2023-02-07 12:52:16'),(515,'1','1010','DT1006','26.0','92','8','0',0,0,0,'2023-02-07 12:52:29','2023-02-07 12:52:29'),(516,'1','1010','DT1006','21.0','92','8','0',0,0,0,'2023-02-09 05:04:13','2023-02-09 05:04:13'),(517,'1','1010','DT1006','23.0','92','8','1',0,0,0,'2023-02-09 07:59:24','2023-02-09 07:59:24'),(518,'1','1010','DT1006','23.0','92','8','0',0,0,0,'2023-02-09 07:59:34','2023-02-09 07:59:34'),(519,'1','1010','DT1006','23.0','92','19','0',0,0,1,'2023-02-09 08:01:07','2023-02-09 08:01:07'),(520,'1','1010','DT1006','25.0','92','19','0',1,0,0,'2023-02-10 04:08:04','2023-02-10 04:08:04'),(521,'1','1010','DT1006','25.0','92','19','1',0,0,0,'2023-02-10 04:08:58','2023-02-10 04:08:58'),(522,'1','1010','DT1006','25.0','92','19','0',0,0,0,'2023-02-10 04:09:03','2023-02-10 04:09:03'),(523,'4','LR12345','Env','22.70','61.80','25','0',0,0,0,'2023-02-10 06:31:59','2023-02-10 06:31:59'),(524,'4','LR12345','Env','nan','nan','26','1',0,0,0,'2023-02-10 06:35:35','2023-02-10 06:35:35'),(525,'4','LR12345','Env','nan','nan','26','1',0,0,0,'2023-02-10 06:35:35','2023-02-10 06:35:35'),(526,'4','LR12345','Env','nan','nan','26','0',0,0,0,'2023-02-10 10:34:07','2023-02-10 10:34:07'),(527,'1','1010','DT1006','22.0','92','19','0',0,0,0,'2023-02-10 11:01:06','2023-02-10 11:01:06'),(528,'4','LR12345','Env','nan','nan','20','0',0,0,1,'2023-02-12 18:18:14','2023-02-12 18:18:14'),(529,'1','1010','DT1006','24.0','57','64','0',0,1,0,'2023-02-16 04:58:03','2023-02-16 04:58:03'),(530,'4','LR12345','Env','25.90','52.90','0','0',0,1,0,'2023-02-24 07:18:05','2023-02-24 07:18:05'),(531,'4','LR12345','Env','22.6','50','71','0',0,0,0,'2023-02-24 07:28:28','2023-02-24 07:28:28'),(532,'4','LR12345','Env','25','50','0','0',0,0,1,'2023-02-24 07:29:09','2023-02-24 07:29:09'),(533,'4','LR12345','Env','22.6','50','71','0',0,0,0,'2023-02-27 05:04:04','2023-02-27 05:04:04'),(534,'4','LR12345','Env','25.6','51','0','0',0,0,1,'2023-02-27 05:04:23','2023-02-27 05:04:23'),(535,'4','LR12345','Env','22.60','60.90','0','1',0,0,0,'2023-02-28 11:43:57','2023-02-28 11:43:57'),(536,'4','LR12345','Env','22.60','61.40','0','0',0,0,0,'2023-02-28 11:52:14','2023-02-28 11:52:14'),(537,'4','LR12345','Env','22.70','61.40','0','1',0,0,0,'2023-02-28 11:52:18','2023-02-28 11:52:18'),(538,'4','LR12345','Env','25.6','50','71','0',0,0,0,'2023-03-01 09:35:59','2023-03-01 09:35:59'),(539,'4','LR12345','Env','25.6','50','71','0',0,0,0,'2023-03-01 09:35:59','2023-03-01 09:35:59'),(540,'4','LR12345','Env','25.6','50','71','1',0,0,0,'2023-03-01 09:36:18','2023-03-01 09:36:18'),(541,'4','LR12345','Env','25.6','50','71','0',0,0,0,'2023-03-01 09:36:24','2023-03-01 09:36:24'),(550,'4','LR12345','Env','24.00','60.90','18','0',0,0,1,'2023-03-17 10:17:27','2023-03-17 10:17:27'),(551,'4','LR12345','Env','nan','nan','22','1',0,0,0,'2023-03-17 10:20:05','2023-03-17 10:20:05'),(552,'4','LR12345','Env','nan','nan','22','1',0,0,0,'2023-03-17 10:20:05','2023-03-17 10:20:05'),(553,'4','LR12345','Env','nan','nan','22','1',0,0,0,'2023-03-17 10:20:05','2023-03-17 10:20:05'),(554,'4','LR12345','Env','nan','nan','22','1',0,0,0,'2023-03-17 10:20:05','2023-03-17 10:20:05'),(555,'4','LR12345','Env','24.10','61.00','16','0',0,1,0,'2023-03-17 10:20:44','2023-03-17 10:20:44'),(556,'4','LR12345','Env','24.10','61.00','16','0',0,0,1,'2023-03-17 10:20:44','2023-03-17 10:20:44'),(557,'4','LR12345','Env','24.10','61.00','16','0',0,0,0,'2023-03-17 10:20:44','2023-03-17 10:20:44'),(558,'4','LR12345','Env','24.10','61.00','17','1',0,0,0,'2023-03-17 10:20:51','2023-03-17 10:20:51'),(560,'4','LR12345','Env','24.20','61.50','16','0',0,0,0,'2023-03-17 10:36:02','2023-03-17 10:36:02'),(561,'4','LR12345','Env','24.30','62.50','19','1',0,0,0,'2023-03-17 11:31:09','2023-03-17 11:31:09'),(562,'4','LR12345','Env','24.30','62.50','16','0',0,0,0,'2023-03-17 11:31:51','2023-03-17 11:31:51'),(579,'4','LR12345','Env','nan','nan','12','0',0,0,0,'2023-03-20 14:59:45','2023-03-20 14:59:45'),(580,'1','1009','DT1009','20','60','60','0',0,1,0,'2023-03-21 06:14:53','2023-03-21 06:14:53'),(581,'1','1009','DT1009','21','30','30','0',0,0,0,'2023-03-21 06:15:59','2023-03-21 06:15:59'),(582,'1','1009','DT1009','21','30','30','0',0,0,1,'2023-03-21 06:15:59','2023-03-21 06:15:59'),(583,'1','1009','DT1009','21','35','35','0',0,0,0,'2023-03-21 06:16:49','2023-03-21 06:16:49'),(584,'4','LR12345','Env','23.60','61.90','8','0',0,1,0,'2023-03-21 08:22:55','2023-03-21 08:22:55'),(589,'4','LR12345','Env','25','60','60','0',0,0,0,'2023-03-22 12:19:20','2023-03-22 12:19:20'),(616,'4','LR12345','Env','23.10','65.10','0','0',0,0,1,'2023-03-31 10:21:56','2023-03-31 10:21:56'),(617,'4','LR12345','Env','23.10','65.10','0','0',0,0,1,'2023-03-31 10:21:56','2023-03-31 10:21:56'),(618,'4','LR12345','Env','23.10','65.10','0','0',0,0,1,'2023-03-31 10:21:56','2023-03-31 10:21:56'),(619,'4','LR12345','Env','23.10','65.10','0','0',0,0,1,'2023-03-31 10:21:56','2023-03-31 10:21:56'),(620,'4','LR12345','Env','23.20','65.00','0','1',0,0,0,'2023-03-31 10:22:01','2023-03-31 10:22:01'),(621,'4','LR12345','Env','23.20','65.00','0','1',0,0,0,'2023-03-31 10:22:01','2023-03-31 10:22:01'),(622,'4','LR12345','Env','23.20','65.00','0','1',0,0,0,'2023-03-31 10:22:01','2023-03-31 10:22:01'),(623,'4','LR12345','Env','23.20','65.00','0','1',0,0,0,'2023-03-31 10:22:01','2023-03-31 10:22:01'),(624,'4','LR12345','Env','24.30','61.60','0','0',0,0,0,'2023-04-05 08:27:51','2023-04-05 08:27:51'),(625,'4','LR12345','Env','24.30','61.60','0','0',0,0,0,'2023-04-05 08:27:51','2023-04-05 08:27:51'),(626,'4','LR12345','Env','24.30','61.60','0','0',0,0,0,'2023-04-05 08:27:51','2023-04-05 08:27:51'),(627,'4','LR12345','Env','24.30','61.60','0','0',0,0,0,'2023-04-05 08:27:51','2023-04-05 08:27:51'),(628,'1','1010','DT1006','20','30','25','0',0,0,0,'2023-04-21 05:11:05','2023-04-21 05:11:05'),(629,'1','1010','DT1006','20','30','25','0',0,0,0,'2023-04-21 05:11:05','2023-04-21 05:11:05'),(630,'1','1010','DT1006','20','30','25','0',0,0,0,'2023-04-21 05:11:05','2023-04-21 05:11:05'),(631,'1','1010','DT1006','20','30','25','1',0,0,0,'2023-04-21 05:11:15','2023-04-21 05:11:15'),(632,'1','1010','DT1006','20','30','25','1',0,0,0,'2023-04-21 05:11:15','2023-04-21 05:11:15'),(633,'1','1010','DT1006','20','30','25','0',0,0,0,'2023-04-21 05:11:26','2023-04-21 05:11:26'),(634,'1','1010','DT1006','20','30','25','0',0,0,0,'2023-04-21 05:11:26','2023-04-21 05:11:26'),(635,'4','LR12345','Env','23.90','54.20','0','1',0,0,0,'2023-05-11 07:20:15','2023-05-11 07:20:15'),(636,'1','1010','DT1006','25','56','30','0',0,1,0,'2023-05-11 07:54:12','2023-05-11 07:54:12'),(637,'1','1010','DT1006','25','30','30','0',0,0,0,'2023-05-11 07:54:27','2023-05-11 07:54:27'),(638,'4','LR12345','Env','25.00','59.30','0','0',0,0,0,'2023-05-19 07:29:18','2023-05-19 07:29:18'),(639,'4','LR12345','Env','24.90','59.50','0','1',0,0,0,'2023-05-19 07:29:34','2023-05-19 07:29:34'),(640,'4','LR12345','Env','24.90','59.70','0','0',0,0,0,'2023-05-19 07:29:53','2023-05-19 07:29:53');
/*!40000 ALTER TABLE `history_table` ENABLE KEYS */;
UNLOCK TABLES;

--
-- Table structure for table `member_alloted_histroys`
--

DROP TABLE IF EXISTS `member_alloted_histroys`;
/*!40101 SET @saved_cs_client     = @@character_set_client */;
/*!50503 SET character_set_client = utf8mb4 */;
CREATE TABLE `member_alloted_histroys` (
  `id` int NOT NULL AUTO_INCREMENT,
  `user_id` varchar(15) NOT NULL,
  `team_id` varchar(20) NOT NULL,
  `member_id` varchar(20) NOT NULL,
  `created_at` timestamp NOT NULL DEFAULT CURRENT_TIMESTAMP,
  `updated_at` timestamp NULL DEFAULT CURRENT_TIMESTAMP,
  PRIMARY KEY (`id`)
) ENGINE=InnoDB AUTO_INCREMENT=44362 DEFAULT CHARSET=latin1;
/*!40101 SET character_set_client = @saved_cs_client */;

--
-- Dumping data for table `member_alloted_histroys`
--

LOCK TABLES `member_alloted_histroys` WRITE;
/*!40000 ALTER TABLE `member_alloted_histroys` DISABLE KEYS */;
INSERT INTO `member_alloted_histroys` VALUES (44356,'1','TM-479babb9bbdd8','MBR-7cdb12c48867','2023-04-18 07:44:15','2023-04-18 07:44:15'),(44357,'1','TM-479babb9bbdd8','MBR-62ecd3a86eec7','2023-04-18 07:44:15','2023-04-18 07:44:15'),(44358,'1','TM-99c6ef988b221','MBR-62ecd3a86eec7','2023-04-19 12:05:53','2023-04-19 12:05:53'),(44359,'1','TM-546821c183b89','MBR-7cdb12c48867','2023-04-19 12:15:20','2023-04-19 12:15:20'),(44360,'1','TM-b89b7caee5f9c','MBR-87985298c8608','2023-04-21 05:08:39','2023-04-21 05:08:39'),(44361,'1','TM-85e04b83bc7bc','MBR-87985298c8608','2023-04-24 06:57:44','2023-04-24 06:57:44');
/*!40000 ALTER TABLE `member_alloted_histroys` ENABLE KEYS */;
UNLOCK TABLES;

--
-- Table structure for table `members`
--

DROP TABLE IF EXISTS `members`;
/*!40101 SET @saved_cs_client     = @@character_set_client */;
/*!50503 SET character_set_client = utf8mb4 */;
CREATE TABLE `members` (
  `id` int NOT NULL AUTO_INCREMENT,
  `user_id` varchar(45) NOT NULL,
  `member_id` varchar(55) NOT NULL,
  `team_id` varchar(55) DEFAULT NULL,
  `first_name` varchar(55) NOT NULL,
  `last_name` varchar(55) NOT NULL,
  `email` varchar(55) NOT NULL,
  `mobile_no` varchar(15) NOT NULL,
  `official_email` varchar(55) NOT NULL,
  `official_mobile_no` varchar(15) NOT NULL,
  `designation` varchar(55) NOT NULL,
  `work_type` varchar(45) NOT NULL,
  `passport_expiry_date` date NOT NULL,
  `emirates_expiry_date` date NOT NULL,
  `visa_expiry_date` date NOT NULL,
  `insurance_expiry_date` date NOT NULL,
  `passport` varchar(555) NOT NULL,
  `emirates_id` varchar(555) NOT NULL,
  `visa_file` varchar(555) NOT NULL,
  `insurance_file` varchar(555) NOT NULL,
  `created_at` timestamp NOT NULL DEFAULT CURRENT_TIMESTAMP,
  `updated_at` timestamp NULL DEFAULT CURRENT_TIMESTAMP ON UPDATE CURRENT_TIMESTAMP,
  PRIMARY KEY (`id`)
) ENGINE=InnoDB AUTO_INCREMENT=39 DEFAULT CHARSET=latin1;
/*!40101 SET character_set_client = @saved_cs_client */;

--
-- Dumping data for table `members`
--

LOCK TABLES `members` WRITE;
/*!40000 ALTER TABLE `members` DISABLE KEYS */;
INSERT INTO `members` VALUES (36,'1','MBR-7cdb12c48867','TM-546821c183b89','Ravi R','Mishra','ravi@teastallstudio.com','971578656563','shunyaravi@gmail.com','916779789794','Testing Data 4','Developer','2023-04-30','2023-04-30','2023-04-30','2023-05-05','passport.png*passport (1).png','emirates-1681388005422.jpeg','visa.pdf*visa.jpeg','download (3).jpeg*download (2).jpeg','2023-04-11 12:55:52','2023-04-19 12:15:20'),(37,'1','MBR-62ecd3a86eec7','TM-99c6ef988b221','Prem ','Tss','prem@shunyaekai.tech','9715756756757','prem.o11@shunyaekai.tech','91678686868','O Designation','Developer Main','2023-05-30','2023-05-30','2023-05-30','2023-05-30','passport-1681710215101.jpeg*passport-1681710215102.jpeg','emirates-1681710215102.jpeg*emirates-1681710215103.jpeg','visa_file-1681710215105.pdf*visa_file-1681710215106.jpeg','insurance-1681710215112.jpeg*insurance-1681710215112.jpeg','2023-04-17 05:43:35','2023-04-19 12:05:53'),(38,'1','MBR-87985298c8608','TM-b89b7caee5f9c','Shorya','Pratap','pratapshorya123@gmail.com','917717700808','shorya@shunyaekai.tech','917717700808','Iot','R&D','2023-07-12','2023-04-13','2023-04-22','2024-02-23','passport-1682053641168.png','emirates-1682053641440.png','visa_file-1682053641681.png','insurance-1682053641795.png','2023-04-21 05:07:21','2023-04-24 07:28:13');
/*!40000 ALTER TABLE `members` ENABLE KEYS */;
UNLOCK TABLES;

--
-- Table structure for table `team_alloted_histroys`
--

DROP TABLE IF EXISTS `team_alloted_histroys`;
/*!40101 SET @saved_cs_client     = @@character_set_client */;
/*!50503 SET character_set_client = utf8mb4 */;
CREATE TABLE `team_alloted_histroys` (
  `id` int NOT NULL AUTO_INCREMENT,
  `user_id` varchar(15) NOT NULL,
  `device_id` varchar(20) NOT NULL,
  `team_id` varchar(20) NOT NULL,
  `alert_id` varchar(20) DEFAULT NULL,
  `created_at` timestamp NOT NULL DEFAULT CURRENT_TIMESTAMP,
  `updated_at` timestamp NULL DEFAULT CURRENT_TIMESTAMP,
  PRIMARY KEY (`id`)
) ENGINE=InnoDB AUTO_INCREMENT=4 DEFAULT CHARSET=latin1;
/*!40101 SET character_set_client = @saved_cs_client */;

--
-- Dumping data for table `team_alloted_histroys`
--

LOCK TABLES `team_alloted_histroys` WRITE;
/*!40000 ALTER TABLE `team_alloted_histroys` DISABLE KEYS */;
INSERT INTO `team_alloted_histroys` VALUES (1,'1','1010','TM-479babb9bbdd8',NULL,'2023-04-24 06:22:55','2023-04-24 06:22:55'),(2,'1','1010','',NULL,'2023-05-19 05:08:17','2023-05-19 05:08:17'),(3,'1','1010','',NULL,'2023-05-19 05:17:07','2023-05-19 05:17:07');
/*!40000 ALTER TABLE `team_alloted_histroys` ENABLE KEYS */;
UNLOCK TABLES;

--
-- Table structure for table `teams`
--

DROP TABLE IF EXISTS `teams`;
/*!40101 SET @saved_cs_client     = @@character_set_client */;
/*!50503 SET character_set_client = utf8mb4 */;
CREATE TABLE `teams` (
  `id` int NOT NULL AUTO_INCREMENT,
  `user_id` varchar(45) NOT NULL,
  `team_id` varchar(45) NOT NULL,
  `team_name` varchar(55) NOT NULL,
  `team_leader_name` varchar(55) NOT NULL,
  `team_leader_email` varchar(85) DEFAULT NULL,
  `team_leader_mobile` varchar(15) DEFAULT NULL,
  `location_id` varchar(55) NOT NULL,
  `created_at` timestamp NOT NULL DEFAULT CURRENT_TIMESTAMP,
  `updated_at` timestamp NULL DEFAULT CURRENT_TIMESTAMP ON UPDATE CURRENT_TIMESTAMP,
  PRIMARY KEY (`id`)
) ENGINE=InnoDB AUTO_INCREMENT=51 DEFAULT CHARSET=latin1;
/*!40101 SET character_set_client = @saved_cs_client */;

--
-- Dumping data for table `teams`
--

LOCK TABLES `teams` WRITE;
/*!40000 ALTER TABLE `teams` DISABLE KEYS */;
INSERT INTO `teams` VALUES (43,'1','TM-ee95d2aa236a1','Team C','MBR-62ecd3a86eec7',NULL,NULL,'896706303','2023-04-17 12:53:06','2023-04-19 12:13:47'),(44,'1','TM-2f821d2532894','Team A','MBR-7cdb12c48867',NULL,NULL,'896706303','2023-04-18 07:36:27','2023-04-18 07:36:27'),(45,'1','TM-1a6c87e1f23c4','Team B','MBR-7cdb12c48867',NULL,NULL,'578814641','2023-04-18 07:38:26','2023-04-18 07:38:26'),(46,'1','TM-479babb9bbdd8','Team C 21','MBR-7cdb12c48867',NULL,NULL,'931481908','2023-04-18 07:44:15','2023-04-19 12:05:22'),(47,'1','TM-99c6ef988b221','New Team','MBR-62ecd3a86eec7',NULL,NULL,'868119192','2023-04-19 12:05:53','2023-04-19 12:05:53'),(48,'1','TM-546821c183b89','Team ZZ+','MBR-7cdb12c48867',NULL,NULL,'867539400','2023-04-19 12:15:20','2023-04-20 12:46:58'),(49,'1','TM-b89b7caee5f9c','Iot lead','MBR-87985298c8608',NULL,NULL,'931481908','2023-04-21 05:08:39','2023-04-24 07:28:41'),(50,'1','TM-85e04b83bc7bc','Team 24','MBR-87985298c8608',NULL,NULL,'901681269','2023-04-24 06:57:44','2023-04-24 06:57:44');
/*!40000 ALTER TABLE `teams` ENABLE KEYS */;
UNLOCK TABLES;
SET @@SESSION.SQL_LOG_BIN = @MYSQLDUMP_TEMP_LOG_BIN;
/*!40103 SET TIME_ZONE=@OLD_TIME_ZONE */;

/*!40101 SET SQL_MODE=@OLD_SQL_MODE */;
/*!40014 SET FOREIGN_KEY_CHECKS=@OLD_FOREIGN_KEY_CHECKS */;
/*!40014 SET UNIQUE_CHECKS=@OLD_UNIQUE_CHECKS */;
/*!40101 SET CHARACTER_SET_CLIENT=@OLD_CHARACTER_SET_CLIENT */;
/*!40101 SET CHARACTER_SET_RESULTS=@OLD_CHARACTER_SET_RESULTS */;
/*!40101 SET COLLATION_CONNECTION=@OLD_COLLATION_CONNECTION */;
/*!40111 SET SQL_NOTES=@OLD_SQL_NOTES */;

-- Dump completed on 2023-05-28 18:40:43
